id;name;description;creation;active
1;Metal integrate Practical;quantify algorithm engineer;2021-11-20;true
2;Infrastructure;plum Seamless Incredible;2021-11-20;true
3;redundant end-to-end;panel Loan;2021-11-20;true
4;customer;Kids;2021-11-20;false
5;orange synthesizing;synthesizing withdrawal;2021-11-20;false
6;multi-byte International;Cheese Savings haptic;2021-11-20;true
7;Granite Jersey collaboration;intranet Rubber Bedfordshire;2021-11-20;false
8;hack Bedfordshire;Massachusetts Division;2021-11-20;false
9;Convertible Car Rupee;XSS payment gold;2021-11-20;true
10;Cliff Granite;mobile;2021-11-20;true
